<?xml version="1.0" encoding="UTF-8" standalone="yes"?>
<addon id="plugin.video.ithri.okanime" name="Okanime" version="1.0" provider-name="Ithrinet">
  <requires>
      <import addon="xbmc.python" version="2.14.0"/>
      <import addon="script.module.requests"/>
  </requires>
  <extension point="xbmc.python.pluginsource" library="okanime.py">
    <provides>video</provides>
  </extension>
  <extension point="xbmc.addon.metadata">
    <summary lang="es">Okanime : Fuente Diaria De Animes Dublada En Arabe</summary>
    <description lang="es">Anime En Arabe Online de manera gratuita en los mejores servidores, sin ninguna clase de restricción</description>
    <disclaimer lang="en"></disclaimer>
    <platform>all</platform>
    <language></language>
    <license>GNU GENERAL PUBLIC LICENSE. Version 2, June 1991</license>
    <forum>http://xbmc.ithri.net/forum.php?thread=12345</forum>
    <website>http://okanime.com/</website>
    <email>contact@ithri.net</email>
    <source>https://github.com/ithrinet/xbmc-addons-repo/tree/master/plugin.video.ithri.okanime</source>

    <news>Big THX to all contributors!
      For more information check out the commit history at GitHub.

    </news>
    <assets>
     <icon>icon.png</icon>
       <fanart>fanart.jpg</fanart>
       <screenshot>art/screenshot-01.png</screenshot>
       <screenshot>art/screenshot-02.png</screenshot>
       <screenshot>art/screenshot-03.png</screenshot>
    </assets>
  </extension>
</addon>