<?xml version="1.0" encoding="UTF-8" standalone="yes"?>
<addon id="plugin.video.ithri.arabic-toons" name="Arabic-toons" version="2.0" provider-name="Ithrinet">
  <requires>
      <import addon="xbmc.python" version="2.14.0"/>
      <import addon="script.module.requests"/>
    <import addon="script.module.beautifulsoup4"/>
    <import addon="script.module.urlresolver"/>
  </requires>
  <extension point="xbmc.python.pluginsource" library="arabic-toons.py">
    <provides>video</provides>
  </extension>
  <extension point="xbmc.addon.metadata">
    <summary lang="es">Arabic-toons : Fuente Diaria De Animes Dublada En Arabe</summary>
    <description lang="es">Anime En Arabe Online de manera gratuita en los mejores servidores, sin ninguna clase de restricción</description>
    <disclaimer lang="en"></disclaimer>
    <platform>all</platform>
    <language></language>
    <license>GNU GENERAL PUBLIC LICENSE. Version 2, June 1991</license>
    <forum>http://xbmc.ithri.net/forum.php?thread=12345</forum>
    <website>http://www.arabic-toons.com/</website>
    <email>contact@ithri.net</email>
    <source>https://github.com/ithrinet/xbmc-addons-repo/tree/master/plugin.video.ithri.cartoon3rbi</source>
  </extension>
</addon>