<?xml version="1.0" encoding="UTF-8" standalone="yes"?>
<addon id="plugin.video.ithri.animeflv" name="AnimeFLV" version="3.2" provider-name="Ithrinet">
  <requires>
    <import addon="xbmc.python" version="2.1.0"/>
    <import addon="script.module.requests"/>
    <import addon="script.module.beautifulsoup4"/>
    <import addon="script.module.urlresolver"/>
  </requires>
  <extension point="xbmc.python.pluginsource" library="addon.py">
    <provides>video</provides>
  </extension>
  <extension point="xbmc.addon.metadata">
    <summary lang="en">AnimeFLV : Tu Fuente Diaria De Anime En Español</summary>
    <description lang="en">Anime Online de manera gratuita en los mejores servidores, sin ninguna clase de restricción</description>
    <disclaimer lang="en"></disclaimer>
    <platform>all</platform>
    <language></language>
    <license>GNU GENERAL PUBLIC LICENSE. Version 2, June 1991</license>
    <forum></forum>
    <website>https://animeflv.net/</website>
    <email></email>
    <source>https://github.com/ithrinet/Ithri-Repo/tree/master/zips/plugin.video.ithri.animeflv</source>
    <news>Big THX to all contributors!
      For more information check out the commit history at GitHub.
      [B]3.2[/B]
       23.10.2018
      - Add Addon Screensho
      - Fix others bugs
      
      [B]3.1[/B]
         22.10.2018
        - Fix Stream file problem
        - Fix others bugs

      [B]3.0[/B]
         19.10.2018
        - Fix bugs
    </news>
    <assets>
      <icon>icon.png</icon>
      <fanart>fanart.jpg</fanart>
      <screenshot>art/screenshot-01.png</screenshot>
      <screenshot>art/screenshot-02.png</screenshot>
      <screenshot>art/screenshot-03.png</screenshot>
      <screenshot>art/screenshot-04.png</screenshot>
      <screenshot>art/screenshot-05.png</screenshot>
      <screenshot>art/screenshot-06.png</screenshot>
      <screenshot>art/screenshot-07.png</screenshot>
      <screenshot>art/screenshot-08.png</screenshot>
      <screenshot>art/screenshot-09.png</screenshot>
      <screenshot>art/screenshot-10.png</screenshot>
      <screenshot>art/screenshot-11.png</screenshot>
      <screenshot>art/screenshot-12.png</screenshot>
      <screenshot>art/screenshot-13.png</screenshot>
    </assets>
  </extension>
</addon>