<?xml version="1.0" encoding="UTF-8" standalone="yes"?>
<addon id="repository.ithri" name="Ithri Repository" version="1.0.0" provider-name="Ithri">
  <extension point="xbmc.addon.repository" name="Ithri Repository">
  <dir>
        <info compressed="false">https://github.com/ithrinet/Ithri-Repo/raw/master/addons.xml</info>
        <checksum>https://github.com/ithrinet/Ithri-Repo/raw/master/addons.xml.md5</checksum>
        <datadir zip="true">https://github.com/ithrinet/Ithri-Repo/raw/master/zips/</datadir>
  </dir>
  </extension>
  <extension point="xbmc.addon.metadata">
    <summary lang="en">Add-ons from ithri's Repository</summary>
    <description lang="en">Download and install add-ons from Ithri Repository</description>
    <platform>all</platform>
    <forum>http://ithri.square7.ch/home</forum>
    </extension>
</addon>
