<?xml version="1.0" encoding="UTF-8" standalone="yes"?>
<addon id="plugin.video.ithri.animeflv" name="AnimeFLV" version="3.0" provider-name="Ithrinet">
  <requires>
    <import addon="xbmc.python" version="2.1.0"/>
    <import addon="script.module.requests"/>
    <import addon="script.module.beautifulsoup4"/>
    <import addon="script.module.urlresolver"/>
  </requires>
  <extension point="xbmc.python.pluginsource" library="addon.py">
    <provides>video</provides>
  </extension>
  <extension point="xbmc.addon.metadata">
    <summary lang="en">AnimeFLV : Tu Fuente Diaria De Anime En Español</summary>
    <description lang="en">Anime Online de manera gratuita en los mejores servidores, sin ninguna clase de restricción</description>
    <disclaimer lang="en"></disclaimer>
    <platform>all</platform>
    <language></language>
    <license>GNU GENERAL PUBLIC LICENSE. Version 2, June 1991</license>
    <forum></forum>
    <website>https://animeflv.net/</website>
    <email></email>
    <source>https://github.com/ithrinet/xbmc-addons-repo/tree/master/plugin.video.ithri.animeflv</source>
    <news>Big THX to all contributors!
      For more information check out the commit history at GitHub.

    </news>
    <assets>
     <icon>icon.png</icon>
       <fanart>fanart.jpg</fanart>
       <screenshot>art/screenshot-01.png</screenshot>
       <screenshot>art/screenshot-02.png</screenshot>
       <screenshot>art/screenshot-03.png</screenshot>
    </assets>
  </extension>
</addon>