[
    {
        "id": "1", 
        "name": "#1 - Al-Fatiha"
    }, 
    {
        "id": "2", 
        "name": "#2 - Al-Baqara "
    }, 
    {
        "id": "3", 
        "name": "#3 - Aal-e-Imran"
    }, 
    {
        "id": "4", 
        "name": "#4 - An-Nisa "
    }, 
    {
        "id": "5", 
        "name": "#5 - Al-Maeda "
    }, 
    {
        "id": "6", 
        "name": "#6 - Al-Anaam "
    }, 
    {
        "id": "7", 
        "name": "#7 - Al-Araf "
    }, 
    {
        "id": "8", 
        "name": "#8 - Al-Anfal "
    }, 
    {
        "id": "9", 
        "name": "#9 - At-Taubah "
    }, 
    {
        "id": "10", 
        "name": "#10 - Yunus "
    }, 
    {
        "id": "11", 
        "name": "#11 - Hud "
    }, 
    {
        "id": "12", 
        "name": "#12 - Yusuf "
    }, 
    {
        "id": "13", 
        "name": "#13 - Ar-Rad "
    }, 
    {
        "id": "14", 
        "name": "#14 - Ibrahim "
    }, 
    {
        "id": "15", 
        "name": "#15 - Al-Hijr "
    }, 
    {
        "id": "16", 
        "name": "#16 - An-Nahl "
    }, 
    {
        "id": "17", 
        "name": "#17 - Al-Isra "
    }, 
    {
        "id": "18", 
        "name": "#18 - Al-Kahf "
    }, 
    {
        "id": "19", 
        "name": "#19 - Maryam "
    }, 
    {
        "id": "20", 
        "name": "#20 - Taha "
    }, 
    {
        "id": "21", 
        "name": "#21 - Al-Anbiya "
    }, 
    {
        "id": "22", 
        "name": "#22 - Al-Hajj "
    }, 
    {
        "id": "23", 
        "name": "#23 - Al-Mumenoon "
    }, 
    {
        "id": "24", 
        "name": "#24 - An-Noor "
    }, 
    {
        "id": "25", 
        "name": "#25 - Al-Furqan "
    }, 
    {
        "id": "26", 
        "name": "#26 - Ash-Shuara "
    }, 
    {
        "id": "27", 
        "name": "#27 - An-Naml "
    }, 
    {
        "id": "28", 
        "name": "#28 - Al-Qasas "
    }, 
    {
        "id": "29", 
        "name": "#29 - Al-Ankaboot "
    }, 
    {
        "id": "30", 
        "name": "#30 - Ar-Room "
    }, 
    {
        "id": "31", 
        "name": "#31 - Luqman "
    }, 
    {
        "id": "32", 
        "name": "#32 - As-Sajda "
    }, 
    {
        "id": "33", 
        "name": "#33 - Al-Ahzab "
    }, 
    {
        "id": "34", 
        "name": "#34 - Saba"
    }, 
    {
        "id": "35", 
        "name": "#35 - Fatir "
    }, 
    {
        "id": "36", 
        "name": "#36 - Ya Seen "
    }, 
    {
        "id": "37", 
        "name": "#37 - As-Saaffat "
    }, 
    {
        "id": "38", 
        "name": "#38 - Sad "
    }, 
    {
        "id": "39", 
        "name": "#39 - Az-Zumar "
    }, 
    {
        "id": "40", 
        "name": "#40 - Ghafir "
    }, 
    {
        "id": "41", 
        "name": "#41 - Fussilat "
    }, 
    {
        "id": "42", 
        "name": "#42 - Ash-Shura "
    }, 
    {
        "id": "43", 
        "name": "#43 - Az-Zukhruf "
    }, 
    {
        "id": "44", 
        "name": "#44 - Ad-Dukhan "
    }, 
    {
        "id": "45", 
        "name": "#45 - Al-Jathiya "
    }, 
    {
        "id": "46", 
        "name": "#46 - Al-Ahqaf "
    }, 
    {
        "id": "47", 
        "name": "#47 - Muhammad "
    }, 
    {
        "id": "48", 
        "name": "#48 - Al-Fath "
    }, 
    {
        "id": "49", 
        "name": "#49 - Al-Hujraat "
    }, 
    {
        "id": "50", 
        "name": "#50 - Qaf "
    }, 
    {
        "id": "51", 
        "name": "#51 - Adh-Dhariyat "
    }, 
    {
        "id": "52", 
        "name": "#52 - At-tur "
    }, 
    {
        "id": "53", 
        "name": "#53 - An-Najm "
    }, 
    {
        "id": "54", 
        "name": "#54 - Al-Qamar "
    }, 
    {
        "id": "55", 
        "name": "#55 - Al-Rahman "
    }, 
    {
        "id": "56", 
        "name": "#56 - Al-Waqia "
    }, 
    {
        "id": "57", 
        "name": "#57 - Al-Hadid "
    }, 
    {
        "id": "58", 
        "name": "#58 - Al-Mujaadila "
    },
    {
        "id": "59", 
        "name": "#59 - Al-Hashr "
    }, 
    {
        "id": "60", 
        "name": "#60 - Al-Mumtahina "
    }, 
    {
        "id": "61", 
        "name": "#61 - As-Saff "
    }, 
    {
        "id": "62", 
        "name": "#62 - Al-Jumua "
    }, 
    {
        "id": "63", 
        "name": "#63 - Al-Munafiqoon"
    }, 
    {
        "id": "64", 
        "name": "#64 - At-Taghabun"
    }, 
    {
        "id": "65", 
        "name": "#65 - At-Talaq "
    }, 
    {
        "id": "66", 
        "name": "#66 - At-Tahrim"
    }, 
    {
        "id": "67", 
        "name": "#67 - Al-Mulk "
    }, 
    {
        "id": "68", 
        "name": "#68 - Al-Qalam "
    }, 
    {
        "id": "69", 
        "name": "#69 - Al-Haaqqa "
    }, 
    {
        "id": "70", 
        "name": "#70 - Al-Maarij "
    }, 
    {
        "id": "71", 
        "name": "#71 - Nooh "
    }, 
    {
        "id": "72", 
        "name": "#72 - Al-Jinn "
    }, 
    {
        "id": "73", 
        "name": "#73 - Al-Muzzammil "
    }, 
    {
        "id": "74", 
        "name": "#74 - Al-Muddathir "
    }, 
    {
        "id": "75", 
        "name": "#75 - Al-Qiyama "
    }, 
    {
        "id": "76", 
        "name": "#76 - Al-Insan "
    }, 
    {
        "id": "77", 
        "name": "#77 - Al-Mursalat "
    }, 
    {
        "id": "78", 
        "name": "#78 - An-Naba "
    }, 
    {
        "id": "79", 
        "name": "#79 - An-Naziat "
    }, 
    {
        "id": "80", 
        "name": "#80 - Abasa "
    }, 
    {
        "id": "81", 
        "name": "#81 - At-Takwir "
    }, 
    {
        "id": "82", 
        "name": "#82 - Al-Infitar "
    }, 
    {
        "id": "83", 
        "name": "#83 - Al-Mutaffifin "
    }, 
    {
        "id": "84", 
        "name": "#84 - Al-Inshiqaq "
    }, 
    {
        "id": "85", 
        "name": "#85 - Al-Burooj "
    }, 
    {
        "id": "86", 
        "name": "#86 - At-Tariq"
    }, 
    {
        "id": "87", 
        "name": "#87 - Al-Ala "
    }, 
    {
        "id": "88", 
        "name": "#88 - Al-Ghashiya "
    }, 
    {
        "id": "89", 
        "name": "#89 - Al-Fajr "
    }, 
    {
        "id": "90", 
        "name": "#90 - Al-Balad "
    }, 
    {
        "id": "91", 
        "name": "#91 - Ash-Shams "
    }, 
    {
        "id": "92", 
        "name": "#92 - Al-Lail "
    }, 
    {
        "id": "93", 
        "name": "#93 - Ad-Dhuha "
    }, 
    {
        "id": "94", 
        "name": "#94 - Ash-Sharh"
    }, 
    {
        "id": "95", 
        "name": "#95 - At-Tin "
    }, 
    {
        "id": "96", 
        "name": "#96 - Al-Alaq "
    }, 
    {
        "id": "97", 
        "name": "#97 - Al-Qadr "
    }, 
    {
        "id": "98", 
        "name": "#98 - Al-Bayyina "
    }, 
    {
        "id": "99", 
        "name": "#99 - Al-Zalzala "
    }, 
    {
        "id": "100", 
        "name": "#100 - Al-Adiyat "
    }, 
    {
        "id": "101", 
        "name": "#101 - Al-Qaria "
    }, 
    {
        "id": "102", 
        "name": "#102 - At-Takathur "
    }, 
    {
        "id": "103", 
        "name": "#103 - Al-Asr "
    }, 
    {
        "id": "104", 
        "name": "#104 - Al-Humaza "
    }, 
    {
        "id": "105", 
        "name": "#105 - Al-fil "
    }, 
    {
        "id": "106", 
        "name": "#106 - Quraish "
    }, 
    {
        "id": "107", 
        "name": "#107 - Al-Maun "
    }, 
    {
        "id": "108", 
        "name": "#108 - Al-Kauther "
    }, 
    {
        "id": "109", 
        "name": "#109 - Al-Kafiroon "
    }, 
    {
        "id": "110", 
        "name": "#110 - An-Nasr "
    }, 
    {
        "id": "111", 
        "name": "#111 - Al-Masadd "
    }, 
    {
        "id": "112", 
        "name": "#112 - Al-Ikhlas "
    }, 
    {
        "id": "113", 
        "name": "#113 - Al-Falaq "
    }, 
    {
        "id": "114", 
        "name": "#114 - An-Nas "
    }
]